Name,Mean,MeanLB,MeanUB,Stddev,StddevLB,StddevUB
"full/accept/phone",3.892253383372999e-6,3.877844927240552e-6,3.91765336270195e-6,9.517626777228565e-8,6.343073236699731e-8,1.4592496386116792e-7
"full/accept/html",1.1527691250669423e-5,1.150469437041898e-5,1.1575900598132511e-5,1.6384439790992613e-7,8.495011924547443e-8,2.836741704580917e-7
"full/count/phone",2.8114377181305644e-5,2.806415996704883e-5,2.8226982998695867e-5,3.665522924096e-7,1.51020458559761e-7,6.322838076737528e-7
"full/count/html",7.814057906180853e-5,7.806928119121539e-5,7.827659820061612e-5,4.885589136190045e-7,2.9686720686598183e-7,8.381383070508453e-7
