Name,Mean,MeanLB,MeanUB,Stddev,StddevLB,StddevUB
"full/accept/phone",3.995208890205322e-6,3.990733449505668e-6,4.002386020146867e-6,2.8526549329878338e-8,2.0098021541136566e-8,4.363350907147905e-8
"full/accept/html",1.1656996733584281e-5,1.163762920391823e-5,1.168317595509788e-5,1.143035084095215e-7,9.118413164748173e-8,1.4858080935209497e-7
"full/count/phone",4.5581314897471515e-6,4.548974599912501e-6,4.5713088001206034e-6,5.541075247390233e-8,4.226272371730869e-8,7.265927485798396e-8
"full/count/html",1.3076125143090782e-5,1.3038704900862815e-5,1.317518997515598e-5,2.8890582680316623e-7,1.3836481307782268e-7,6.071959712614615e-7
