Name,Mean,MeanLB,MeanUB,Stddev,StddevLB,StddevUB
"partial/accept/rna",1.9234126697616725e-7,1.9169509476706755e-7,1.9547093151190723e-7,6.278362356081723e-9,2.9049131978995866e-10,1.4967387958436496e-8
"partial/leftmost/rna",7.843641429281469e-5,7.811736201448893e-5,7.956748274751425e-5,2.6861557851061453e-6,6.14021332232776e-7,6.047320312318605e-6
"partial/longest/rna",7.630043027973401e-5,7.590866816642344e-5,7.731817796073163e-5,2.974401034882481e-6,1.2309189320426977e-6,5.888612121475505e-6
"partial/leftlong/rna",7.537386557359149e-5,7.509789284640871e-5,7.65736394135936e-5,2.5038478834203996e-6,4.2653606327285067e-7,5.878404404530262e-6
