Name,Mean,MeanLB,MeanUB,Stddev,StddevLB,StddevUB
"partial/accept/rna",2.1215004957040762e-5,2.1187554110578038e-5,2.125008083671924e-5,1.581962610662186e-7,1.284339071831474e-7,1.940725607145655e-7
"partial/leftmost/rna",7.41845498430936e-5,7.410986649137394e-5,7.43073100476523e-5,4.829391446950418e-7,3.340398495986225e-7,7.421624497981272e-7
"partial/longest/rna",6.80054224750197e-5,6.787076831361298e-5,6.826201901700594e-5,9.228800034600266e-7,5.572162276205743e-7,1.4581594468404372e-6
"partial/leftlong/rna",7.383410241501034e-5,7.350877963969383e-5,7.444937214086979e-5,2.2157341467888894e-6,1.4154985508609671e-6,3.901915045927475e-6
